Status,Chapter,Name,Category,File Link,Submission Form,Link,Created time,Last updated time
Complete,Chapter 0,AP Biology Exam Description,I-information,https://drive.google.com/file/d/1Oh2hXLTf7CwYBYaR1ibpRUUgygFvGhrm/view?usp=drivesdk,,https://drive.google.com/file/d/1Oh2hXLTf7CwYBYaR1ibpRUUgygFvGhrm/view?usp=drivesdk,"July 21, 2026 4:17 PM","July 21, 2026 4:53 PM"
Complete,Chapter 0,Terminology,I-information,https://fiveable.me/ap-bio/key-terms,,https://fiveable.me/ap-bio/key-terms,"July 21, 2026 4:17 PM","July 21, 2026 4:27 PM"
Complete,Chapter 0,AP Biology Exam Booklet,I-information,https://drive.google.com/file/d/1yZ2t1fBCyEpBz_n_vuPRjBiAdhdVdfdx/view?usp=drivesdk,,https://drive.google.com/file/d/1yZ2t1fBCyEpBz_n_vuPRjBiAdhdVdfdx/view?usp=drivesdk,"July 21, 2026 4:20 PM","July 21, 2026 4:53 PM"
Complete,Chapter 0,Advanced Biology Booklet,I-information,https://drive.google.com/file/d/1JJAF2UrevbY6J_1v_7BoRN_JSvfS9BGX/view?usp=drivesdk,,https://drive.google.com/file/d/1JJAF2UrevbY6J_1v_7BoRN_JSvfS9BGX/view?usp=drivesdk,"July 21, 2026 4:45 PM","July 21, 2026 4:52 PM"
Complete,Chapter 0,Frequently Used Formulas and Equations,I-information,https://drive.google.com/file/d/1ZpngkSZ29WkJTinA2KSU9lPderA5l4lT/view?usp=drivesdk,,https://drive.google.com/file/d/1ZpngkSZ29WkJTinA2KSU9lPderA5l4lT/view?usp=drivesdk,"July 22, 2026 1:30 AM","July 22, 2026 1:31 AM"
Complete,Chapter 0,Sample Notes,I-information,https://drive.google.com/file/d/1ZpngkSZ29WkJTinA2KSU9lPderA5l4lT/view?usp=drivesdk,,https://drive.google.com/file/d/1ZpngkSZ29WkJTinA2KSU9lPderA5l4lT/view?usp=drivesdk,"July 22, 2026 1:39 AM","July 22, 2026 1:39 AM"
Optional-Reading,Chapter 0,AP Biology Barrons Book,L-Learning,https://drive.google.com/file/d/1s6aNFpszdgzt152Hk8wsKPCsgiSg0E7v/view?usp=drivesdk,,https://drive.google.com/file/d/1s6aNFpszdgzt152Hk8wsKPCsgiSg0E7v/view?usp=drivesdk,"July 21, 2026 9:06 PM","July 21, 2026 9:07 PM"
Unlocked,Chapter 1,L1-Chemistry of Life (Khan Academy),L-Learning,https://www.khanacademy.org/science/ap-biology/chemistry-of-life,,https://www.khanacademy.org/science/ap-biology/chemistry-of-life,"July 21, 2026 4:17 PM","July 21, 2026 7:50 PM"
Unlocked,Chapter 1,N1-Chemistry of Life Notes Submission,N-Notes Submission,https://classroom.google.com/c/ODcwOTI3MzY2MjIy/a/ODcwOTI2NzUyODk5/details,,https://classroom.google.com/c/ODcwOTI3MzY2MjIy/a/ODcwOTI2NzUyODk5/details,"July 21, 2026 4:17 PM","July 22, 2026 1:38 AM"
Locked,Chapter 1,C1-Chemistry of Life Problems,C-coursework,,https://classroom.google.com/c/ODcwOTI3MzY2MjIy/a/ODcwOTI3ODEwMDYx/details,https://drive.google.com/drive/folders/1gLnIX_rxrBQC71_lpIZEGkSGfodRr25B,"July 21, 2026 4:17 PM","July 21, 2026 9:54 PM"
Locked,Chapter 1,S1-Chemistry of Life Solutions,S-solution manual,,,https://drive.google.com/file/d/1jEDTskERb3TYvmKP-dRhamW-2XqfC5Lf/view?usp=drivesdk,"July 21, 2026 7:38 PM","July 21, 2026 9:54 PM"
Optional-Reading,Chapter 1,F1-Chemistry of Life Final Self-Check with Booklet,F-Final Self Check,https://drive.google.com/file/d/1JJAF2UrevbY6J_1v_7BoRN_JSvfS9BGX/view?usp=drivesdk,,https://drive.google.com/file/d/1JJAF2UrevbY6J_1v_7BoRN_JSvfS9BGX/view?usp=drivesdk,"July 21, 2026 7:38 PM","July 21, 2026 9:03 PM"
Locked,Chapter 2,L2-Cell Structure and Function (Khan Academy),L-Learning,,,https://www.khanacademy.org/science/ap-biology/cell-structure-and-function,"July 21, 2026 4:17 PM","July 22, 2026 1:27 AM"
Locked,Chapter 2,N2-Cell Structure and Function Notes Submission,N-Notes Submission,,,https://classroom.google.com/c/ODcwOTI3MzY2MjIy/a/ODcwOTI1ODE2NDg3/details,"July 21, 2026 4:17 PM","July 22, 2026 1:27 AM"
Locked,Chapter 2,C2-Cell Structure and Function Problems,C-coursework,,https://classroom.google.com/c/ODcwOTI3MzY2MjIy/a/ODcwOTI3Njc4MTI2/details,https://drive.google.com/drive/folders/1h3uvSu3kJFYPLsGvKSdBN0W66BK9zk8j,"July 21, 2026 4:17 PM","July 22, 2026 1:27 AM"
Locked,Chapter 2,S2-Cell Structure and Function Solutions,S-solution manual,,,https://drive.google.com/drive/folders/1B1PBEplrHkuDzaqH2ny9EDVXgHzSHDgL,"July 21, 2026 4:17 PM","July 22, 2026 1:27 AM"
Optional-Reading,Chapter 2,F2-Cell Structure and Function Final Self-Check with Booklet,F-Final Self Check,https://drive.google.com/file/d/1JJAF2UrevbY6J_1v_7BoRN_JSvfS9BGX/view?usp=drivesdk,,https://drive.google.com/file/d/1JJAF2UrevbY6J_1v_7BoRN_JSvfS9BGX/view?usp=drivesdk,"July 21, 2026 4:17 PM","July 22, 2026 1:18 AM"
Locked,Chapter 3,"L3-Cellular Energetics ",L-Learning,,,https://www.khanacademy.org/science/ap-biology/cellular-energetics,"July 21, 2026 4:17 PM","July 22, 2026 1:05 AM"
Locked,Chapter 3,"N3-Cellular Energetics ",N-Notes Submission,,,https://classroom.google.com/c/ODcwOTI3MzY2MjIy/a/ODcwOTI3NTA5OTE0/details,"July 21, 2026 4:17 PM","July 22, 2026 1:11 AM"
Locked,Chapter 3,"C3-Cellular Energetics ",C-coursework,,https://classroom.google.com/c/ODcwOTI3MzY2MjIy/a/ODcwOTI1MzcwNDA3/details,https://drive.google.com/drive/folders/10tciN9_IYK47gys4QNSx5qigyQAOUZGo,"July 21, 2026 4:17 PM","July 22, 2026 1:25 AM"
Locked,Chapter 3,"S3-Cellular Energetics ",S-solution manual,,,https://drive.google.com/drive/folders/1xdnFU92XCC2JrsFbvP8Q3QjgxKnASfby,"July 21, 2026 4:17 PM","July 22, 2026 1:25 AM"
Optional-Reading,Chapter 3,"F3-Cellular Energetics ",F-Final Self Check,https://drive.google.com/file/d/1JJAF2UrevbY6J_1v_7BoRN_JSvfS9BGX/view?usp=drivesdk,,https://drive.google.com/file/d/1JJAF2UrevbY6J_1v_7BoRN_JSvfS9BGX/view?usp=drivesdk,"July 21, 2026 4:17 PM","July 22, 2026 1:18 AM"
Locked,Chapter 4,L4-Cell Communication and Cell Cycle,L-Learning,,,https://www.khanacademy.org/science/ap-biology/cell-communication-and-cell-cycle,"July 21, 2026 4:17 PM","July 22, 2026 1:05 AM"
Locked,Chapter 4,N4-Cell Communication and Cell Cycle,N-Notes Submission,,,https://classroom.google.com/c/ODcwOTI3MzY2MjIy/a/ODcwOTI2ODQyNzE1/details,"July 21, 2026 4:17 PM","July 22, 2026 1:12 AM"
Locked,Chapter 4,C4-Cell Communication and Cell Cycle,C-coursework,,https://classroom.google.com/c/ODcwOTI3MzY2MjIy/a/ODcwOTI3OTA3MDk0/details,https://drive.google.com/drive/folders/1EHgwa-IskmttIchU1XyPaWSvwdUaFCd8,"July 21, 2026 4:17 PM","July 22, 2026 1:24 AM"
Locked,Chapter 4,S4-Cell Communication and Cell Cycle,S-solution manual,,,https://drive.google.com/drive/folders/1LfOGc93kgNjJS_4VGxbCruPj0GgAXMeJ,"July 21, 2026 4:17 PM","July 22, 2026 1:25 AM"
Optional-Reading,Chapter 4,F4-Cell Communication and Cell Cycle,F-Final Self Check,https://drive.google.com/file/d/1JJAF2UrevbY6J_1v_7BoRN_JSvfS9BGX/view?usp=drivesdk,,https://drive.google.com/file/d/1JJAF2UrevbY6J_1v_7BoRN_JSvfS9BGX/view?usp=drivesdk,"July 21, 2026 4:17 PM","July 22, 2026 1:18 AM"
Locked,Chapter 5,L5-Heredity,L-Learning,,,https://www.khanacademy.org/science/ap-biology/heredity,"July 21, 2026 4:17 PM","July 22, 2026 1:06 AM"
Locked,Chapter 5,N5-Heredity,N-Notes Submission,,,https://classroom.google.com/c/ODcwOTI3MzY2MjIy/a/ODcwOTI1MjQ4NTEz/details,"July 21, 2026 4:17 PM","July 22, 2026 1:13 AM"
Locked,Chapter 5,C5-Heredity,C-coursework,,https://classroom.google.com/c/ODcwOTI3MzY2MjIy/a/ODcwOTI3NTQ4ODM0/details,https://drive.google.com/drive/folders/1rwY2i1MxmyEzL8X1PWNpyn4EfB-O0L-G,"July 21, 2026 4:17 PM","July 22, 2026 1:23 AM"
Locked,Chapter 5,S5-Heredity,S-solution manual,,,https://drive.google.com/drive/folders/1k7AZueQ1tue7TJWyfFBcHo2JE37B9WCF,"July 21, 2026 4:17 PM","July 22, 2026 1:23 AM"
Optional-Reading,Chapter 5,F5-Heredity,F-Final Self Check,https://drive.google.com/file/d/1JJAF2UrevbY6J_1v_7BoRN_JSvfS9BGX/view?usp=drivesdk,,https://drive.google.com/file/d/1JJAF2UrevbY6J_1v_7BoRN_JSvfS9BGX/view?usp=drivesdk,"July 21, 2026 4:17 PM","July 22, 2026 1:19 AM"
Locked,Chapter 6,L6-Gene Expression and Regulation,L-Learning,,,https://www.khanacademy.org/science/ap-biology/gene-expression-and-regulation,"July 21, 2026 4:17 PM","July 22, 2026 1:06 AM"
Locked,Chapter 6,N6-Gene Expression and Regulation,N-Notes Submission,,,https://classroom.google.com/c/ODcwOTI3MzY2MjIy/a/ODcwOTI3MzA1MTMy/details,"July 21, 2026 4:17 PM","July 22, 2026 1:14 AM"
Locked,Chapter 6,C6-Gene Expression and Regulation,C-coursework,,https://classroom.google.com/c/ODcwOTI3MzY2MjIy/a/ODcwOTIzNjQzNzEw/details,https://drive.google.com/drive/folders/1zV7-bsGaymB-zamDyF6H5uGIg_ynr7qg,"July 21, 2026 4:17 PM","July 22, 2026 1:22 AM"
Locked,Chapter 6,S6-Gene Expression and Regulation,S-solution manual,,,https://drive.google.com/drive/folders/1J9XplbB--nPg7WEVZQ8fk1qhNkPfnb7K,"July 21, 2026 4:17 PM","July 22, 2026 1:23 AM"
Optional-Reading,Chapter 6,F6-Gene Expression and Regulation,F-Final Self Check,https://drive.google.com/file/d/1JJAF2UrevbY6J_1v_7BoRN_JSvfS9BGX/view?usp=drivesdk,,https://drive.google.com/file/d/1JJAF2UrevbY6J_1v_7BoRN_JSvfS9BGX/view?usp=drivesdk,"July 21, 2026 4:17 PM","July 22, 2026 1:19 AM"
Locked,Chapter 7,L7-Natural Selection,L-Learning,,,https://www.khanacademy.org/science/ap-biology/natural-selection,"July 21, 2026 4:17 PM","July 22, 2026 1:08 AM"
Locked,Chapter 7,N7-Natural Selection,N-Notes Submission,,,https://classroom.google.com/c/ODcwOTI3MzY2MjIy/a/ODcwOTI2MjczNjIz/details,"July 21, 2026 4:17 PM","July 22, 2026 1:14 AM"
Locked,Chapter 7,C7-Natural Selection,C-coursework,,https://classroom.google.com/c/ODcwOTI3MzY2MjIy/a/ODU1NjE3Nzk4Mjkz/details,https://drive.google.com/drive/folders/15VzEcDaaXW4guy8sQWew9CQkR8-cPDBC,"July 21, 2026 4:17 PM","July 22, 2026 1:21 AM"
Locked,Chapter 7,S7-Natural Selection,S-solution manual,,,https://drive.google.com/drive/folders/1cEhFI3JqptuO4xOzUS8KUlH_ykOIX49w,"July 21, 2026 4:17 PM","July 22, 2026 1:22 AM"
Optional-Reading,Chapter 7,F7-Natural Selection,F-Final Self Check,https://drive.google.com/file/d/1JJAF2UrevbY6J_1v_7BoRN_JSvfS9BGX/view?usp=drivesdk,,https://drive.google.com/file/d/1JJAF2UrevbY6J_1v_7BoRN_JSvfS9BGX/view?usp=drivesdk,"July 21, 2026 4:17 PM","July 22, 2026 1:19 AM"
Locked,Chapter 8,L8-Ecology,L-Learning,,,https://www.khanacademy.org/science/ap-biology/ecology-ap,"July 21, 2026 4:17 PM","July 22, 2026 1:08 AM"
Locked,Chapter 8,N8-Ecology,N-Notes Submission,,,https://classroom.google.com/c/ODcwOTI3MzY2MjIy/a/ODcwOTM3NDAyMDI3/details,"July 21, 2026 9:44 PM","July 22, 2026 1:15 AM"
Locked,Chapter 8,C8-Ecology,C-coursework,,https://classroom.google.com/c/ODcwOTI3MzY2MjIy/a/ODcwOTI3NzE2MDEz/details,https://drive.google.com/drive/folders/1lrEGMiZfSguDu_sOez2XQ6y4FaVDGQil,"July 21, 2026 9:44 PM","July 22, 2026 1:20 AM"
Locked,Chapter 8,S8-Ecology,S-solution manual,,,https://drive.google.com/drive/folders/16xL23mheSbTE-aZ8pkXcftclIPoPeui8,"July 21, 2026 9:44 PM","July 22, 2026 1:20 AM"
Optional-Reading,Chapter 8,F8-Ecology,F-Final Self Check,https://drive.google.com/file/d/1JJAF2UrevbY6J_1v_7BoRN_JSvfS9BGX/view?usp=drivesdk,,https://drive.google.com/file/d/1JJAF2UrevbY6J_1v_7BoRN_JSvfS9BGX/view?usp=drivesdk,"July 21, 2026 9:44 PM","July 22, 2026 1:19 AM"
Locked,Chapter M,M1-Full Mock Test 1,M-Mock,,,https://drive.google.com/file/d/17BVYGivjTfjSwpreDEeuvcPk0ru7Urhi/view?usp=drivesdk,"July 21, 2026 4:17 PM","July 22, 2026 1:35 AM"
Locked,Chapter M,M1S-Full Mock Test 1 Solution,S-solution manual,,,https://drive.google.com/file/d/1p24uTEhOFXorDKZK9bF5ZxB0B0ldyO2E/view?usp=drivesdk,"July 21, 2026 4:17 PM","July 22, 2026 1:35 AM"
Locked,Chapter M,M2-Full Mock Test 2,M-Mock,,,https://drive.google.com/file/d/1n-fsx7U4PePiS97lQgkA_67wDTE7MFab/view?usp=drivesdk,"July 21, 2026 4:17 PM","July 27, 2026 4:12 PM"
Locked,Chapter M,M2S-Full Mock Test 2 Solution,S-solution manual,,,https://drive.google.com/file/d/129BabPxff37yg_H-KyIJB3QvoSY1X8eh/view?usp=drivesdk,"July 21, 2026 4:17 PM","July 27, 2026 4:12 PM"
Unlocked,Chapter M,M3-Full Mock Test 3,M-Mock,https://drive.google.com/file/d/1gL7bJ4yffCR2EZ2wNOe3TnEJo_MjiHum/view?usp=drive_link,,https://drive.google.com/file/d/1gL7bJ4yffCR2EZ2wNOe3TnEJo_MjiHum/view?usp=drive_link,"July 21, 2026 4:17 PM","July 27, 2026 4:12 PM"
Locked,Chapter M,M5S-FRQ Mock 5 Solutions,S-solution manual,,,https://drive.google.com/file/d/1HZi_LvVrumTfe3VKaQelGssmyFwfiiuC/view?usp=drive_link,"July 21, 2026 4:17 PM","July 21, 2026 4:17 PM"
Locked,Chapter M,M6-FRQ Mock 6,M-Mock,,,https://drive.google.com/file/d/1vQeyfNHgOMp8quhft1mTcPq4XSlb52RD/view?usp=drive_link,"July 21, 2026 4:17 PM","July 21, 2026 4:17 PM"
Locked,Chapter M,M6S-FRQ Mock 6 Solutions,S-solution manual,,,https://drive.google.com/file/d/15DuEPBbg04fDeS8PUMaCRsFHfC1EzEfc/view?usp=drive_link,"July 21, 2026 4:17 PM","July 21, 2026 4:17 PM"
Locked,Chapter M,M7-FRQ Mock 7,M-Mock,,,https://drive.google.com/file/d/1_LkWfuAsZUOYvANxiVYdXIa7bULO7Yzh/view?usp=drive_link,"July 21, 2026 4:17 PM","July 21, 2026 4:17 PM"
Locked,Chapter M,M7S-FRQ Mock 7 Solutions,S-solution manual,,,https://drive.google.com/file/d/1vj-VgWY-wT00RkdY4wUbHPh7XJ_MtyNk/view?usp=drive_link,"July 21, 2026 4:17 PM","July 21, 2026 4:17 PM"
Locked,Chapter M,M8-FRQ Mock 8,M-Mock,,,https://drive.google.com/file/d/1KqvLYIis_8feMVS1zDixS6PPZjBxtXHd/view?usp=drive_link,"July 21, 2026 4:17 PM","July 21, 2026 4:17 PM"
Locked,Chapter M,M8S-FRQ Mock 8 Solutions,S-solution manual,,,https://drive.google.com/file/d/1eG9Ksj6Af8t6PGX7R_T3knVLgsCg8e38/view?usp=drive_link,"July 21, 2026 4:17 PM","July 21, 2026 4:17 PM"
Locked,Chapter M,M9-FRQ Mock 9,M-Mock,,,https://drive.google.com/file/d/1E1rDrUFeh2311Gzg3ln3eR5Bsu1yJZeQ/view?usp=drive_link,"July 21, 2026 4:17 PM","July 21, 2026 4:17 PM"
Locked,Chapter M,M9S-FRQ Mock 9 Solutions,S-solution manual,,,https://drive.google.com/file/d/1hh-sZH8uxDsR0V8O3nhjJ_BkFvfuQ3Ap/view?usp=drive_link,"July 21, 2026 4:17 PM","July 21, 2026 4:17 PM"
Locked,Chapter M,M10-FRQ Mock 10,M-Mock,,,https://drive.google.com/file/d/1AZPOd1iaPTA8JJJmlooee7Ym1D9Jq79H/view?usp=drive_link,"July 21, 2026 4:17 PM","July 21, 2026 4:17 PM"
Locked,Chapter M,M10S-FRQ Mock 10 Solutions,S-solution manual,,,https://drive.google.com/file/d/1V36m1RowaKnVLvcEb7dxJEFWGpsp3DFJ/view?usp=drive_link,"July 21, 2026 4:17 PM","July 21, 2026 4:17 PM"