Name,Category,Chapter,Created time,File Link,Last updated time,Link,Status,Submission Form
AP Biology Exam Description,I-information,Chapter 0,"July 21, 2026 4:17 PM",https://drive.google.com/file/d/1Oh2hXLTf7CwYBYaR1ibpRUUgygFvGhrm/view?usp=drivesdk,"July 21, 2026 4:53 PM",https://drive.google.com/file/d/1Oh2hXLTf7CwYBYaR1ibpRUUgygFvGhrm/view?usp=drivesdk,Complete,
Terminology,I-information,Chapter 0,"July 21, 2026 4:17 PM",https://fiveable.me/ap-bio/key-terms,"July 21, 2026 4:27 PM",https://fiveable.me/ap-bio/key-terms,Complete,
L1-Chemistry of Life (Khan Academy),L-Learning,Chapter 1,"July 21, 2026 4:17 PM",https://www.khanacademy.org/science/ap-biology/chemistry-of-life,"July 21, 2026 7:50 PM",https://www.khanacademy.org/science/ap-biology/chemistry-of-life,Unlocked,
N1-Chemistry of Life Notes Submission,N-Notes Submission,Chapter 1,"July 21, 2026 4:17 PM",https://classroom.google.com/c/ODcwOTI3MzY2MjIy/a/ODcwOTI2NzUyODk5/details,"July 22, 2026 1:38 AM",https://classroom.google.com/c/ODcwOTI3MzY2MjIy/a/ODcwOTI2NzUyODk5/details,Unlocked,
C1-Chemistry of Life Problems,C-coursework,Chapter 1,"July 21, 2026 4:17 PM",,"July 21, 2026 9:54 PM",https://drive.google.com/drive/folders/1gLnIX_rxrBQC71_lpIZEGkSGfodRr25B,Locked,https://classroom.google.com/c/ODcwOTI3MzY2MjIy/a/ODcwOTI3ODEwMDYx/details
S2-Cell Structure and Function Solutions,S-solution manual,Chapter 2,"July 21, 2026 4:17 PM",,"July 22, 2026 1:27 AM",https://drive.google.com/drive/folders/1B1PBEplrHkuDzaqH2ny9EDVXgHzSHDgL,Locked,
C2-Cell Structure and Function Problems,C-coursework,Chapter 2,"July 21, 2026 4:17 PM",,"July 22, 2026 1:27 AM",https://drive.google.com/drive/folders/1h3uvSu3kJFYPLsGvKSdBN0W66BK9zk8j,Locked,https://classroom.google.com/c/ODcwOTI3MzY2MjIy/a/ODcwOTI3Njc4MTI2/details
L2-Cell Structure and Function (Khan Academy),L-Learning,Chapter 2,"July 21, 2026 4:17 PM",,"July 22, 2026 1:27 AM",https://www.khanacademy.org/science/ap-biology/cell-structure-and-function,Locked,
N2-Cell Structure and Function Notes Submission,N-Notes Submission,Chapter 2,"July 21, 2026 4:17 PM",,"July 22, 2026 1:27 AM",https://classroom.google.com/c/ODcwOTI3MzY2MjIy/a/ODcwOTI1ODE2NDg3/details,Locked,
L8-Ecology,L-Learning,Chapter 8,"July 21, 2026 4:17 PM",,"July 22, 2026 1:08 AM",https://www.khanacademy.org/science/ap-biology/ecology-ap,Locked,
F2-Cell Structure and Function Final Self-Check with Booklet,F-Final Self Check,Chapter 2,"July 21, 2026 4:17 PM",https://drive.google.com/file/d/1JJAF2UrevbY6J_1v_7BoRN_JSvfS9BGX/view?usp=drivesdk,"July 22, 2026 1:18 AM",https://drive.google.com/file/d/1JJAF2UrevbY6J_1v_7BoRN_JSvfS9BGX/view?usp=drivesdk,Optional-Reading,
M1-Full Mock Test 1,M-Mock,Chapter M,"July 21, 2026 4:17 PM",,"July 22, 2026 1:35 AM",https://drive.google.com/file/d/17BVYGivjTfjSwpreDEeuvcPk0ru7Urhi/view?usp=drivesdk,Locked,
"L3-Cellular Energetics ",L-Learning,Chapter 3,"July 21, 2026 4:17 PM",,"July 22, 2026 1:05 AM",https://www.khanacademy.org/science/ap-biology/cellular-energetics,Locked,
M1S-Full Mock Test 1 Solution,S-solution manual,Chapter M,"July 21, 2026 4:17 PM",,"July 22, 2026 1:35 AM",https://drive.google.com/file/d/1p24uTEhOFXorDKZK9bF5ZxB0B0ldyO2E/view?usp=drivesdk,Locked,
"N3-Cellular Energetics ",N-Notes Submission,Chapter 3,"July 21, 2026 4:17 PM",,"July 22, 2026 1:11 AM",https://classroom.google.com/c/ODcwOTI3MzY2MjIy/a/ODcwOTI3NTA5OTE0/details,Locked,
M2-Full Mock Test 2,M-Mock,Chapter M,"July 21, 2026 4:17 PM",,"July 27, 2026 4:12 PM",https://drive.google.com/file/d/1n-fsx7U4PePiS97lQgkA_67wDTE7MFab/view?usp=drivesdk,Locked,
"C3-Cellular Energetics ",C-coursework,Chapter 3,"July 21, 2026 4:17 PM",,"July 22, 2026 1:25 AM",https://drive.google.com/drive/folders/10tciN9_IYK47gys4QNSx5qigyQAOUZGo,Locked,https://classroom.google.com/c/ODcwOTI3MzY2MjIy/a/ODcwOTI1MzcwNDA3/details
M2S-Full Mock Test 2 Solution,S-solution manual,Chapter M,"July 21, 2026 4:17 PM",,"July 27, 2026 4:12 PM",https://drive.google.com/file/d/129BabPxff37yg_H-KyIJB3QvoSY1X8eh/view?usp=drivesdk,Locked,
"S3-Cellular Energetics ",S-solution manual,Chapter 3,"July 21, 2026 4:17 PM",,"July 22, 2026 1:25 AM",https://drive.google.com/drive/folders/1xdnFU92XCC2JrsFbvP8Q3QjgxKnASfby,Locked,
M3-Full Mock Test 3,M-Mock,Chapter M,"July 21, 2026 4:17 PM",https://drive.google.com/file/d/1gL7bJ4yffCR2EZ2wNOe3TnEJo_MjiHum/view?usp=drive_link,"July 27, 2026 4:12 PM",https://drive.google.com/file/d/1gL7bJ4yffCR2EZ2wNOe3TnEJo_MjiHum/view?usp=drive_link,Unlocked,
"F3-Cellular Energetics ",F-Final Self Check,Chapter 3,"July 21, 2026 4:17 PM",https://drive.google.com/file/d/1JJAF2UrevbY6J_1v_7BoRN_JSvfS9BGX/view?usp=drivesdk,"July 22, 2026 1:18 AM",https://drive.google.com/file/d/1JJAF2UrevbY6J_1v_7BoRN_JSvfS9BGX/view?usp=drivesdk,Optional-Reading,
L4-Cell Communication and Cell Cycle,L-Learning,Chapter 4,"July 21, 2026 4:17 PM",,"July 22, 2026 1:05 AM",https://www.khanacademy.org/science/ap-biology/cell-communication-and-cell-cycle,Locked,
N4-Cell Communication and Cell Cycle,N-Notes Submission,Chapter 4,"July 21, 2026 4:17 PM",,"July 22, 2026 1:12 AM",https://classroom.google.com/c/ODcwOTI3MzY2MjIy/a/ODcwOTI2ODQyNzE1/details,Locked,
C4-Cell Communication and Cell Cycle,C-coursework,Chapter 4,"July 21, 2026 4:17 PM",,"July 22, 2026 1:24 AM",https://drive.google.com/drive/folders/1EHgwa-IskmttIchU1XyPaWSvwdUaFCd8,Locked,https://classroom.google.com/c/ODcwOTI3MzY2MjIy/a/ODcwOTI3OTA3MDk0/details
S4-Cell Communication and Cell Cycle,S-solution manual,Chapter 4,"July 21, 2026 4:17 PM",,"July 22, 2026 1:25 AM",https://drive.google.com/drive/folders/1LfOGc93kgNjJS_4VGxbCruPj0GgAXMeJ,Locked,
M5S-FRQ Mock 5 Solutions,S-solution manual,Chapter M,"July 21, 2026 4:17 PM",,"July 21, 2026 4:17 PM",https://drive.google.com/file/d/1HZi_LvVrumTfe3VKaQelGssmyFwfiiuC/view?usp=drive_link,Locked,
F4-Cell Communication and Cell Cycle,F-Final Self Check,Chapter 4,"July 21, 2026 4:17 PM",https://drive.google.com/file/d/1JJAF2UrevbY6J_1v_7BoRN_JSvfS9BGX/view?usp=drivesdk,"July 22, 2026 1:18 AM",https://drive.google.com/file/d/1JJAF2UrevbY6J_1v_7BoRN_JSvfS9BGX/view?usp=drivesdk,Optional-Reading,
M6-FRQ Mock 6,M-Mock,Chapter M,"July 21, 2026 4:17 PM",,"July 21, 2026 4:17 PM",https://drive.google.com/file/d/1vQeyfNHgOMp8quhft1mTcPq4XSlb52RD/view?usp=drive_link,Locked,
L5-Heredity,L-Learning,Chapter 5,"July 21, 2026 4:17 PM",,"July 22, 2026 1:06 AM",https://www.khanacademy.org/science/ap-biology/heredity,Locked,
M6S-FRQ Mock 6 Solutions,S-solution manual,Chapter M,"July 21, 2026 4:17 PM",,"July 21, 2026 4:17 PM",https://drive.google.com/file/d/15DuEPBbg04fDeS8PUMaCRsFHfC1EzEfc/view?usp=drive_link,Locked,
N5-Heredity,N-Notes Submission,Chapter 5,"July 21, 2026 4:17 PM",,"July 22, 2026 1:13 AM",https://classroom.google.com/c/ODcwOTI3MzY2MjIy/a/ODcwOTI1MjQ4NTEz/details,Locked,
M7-FRQ Mock 7,M-Mock,Chapter M,"July 21, 2026 4:17 PM",,"July 21, 2026 4:17 PM",https://drive.google.com/file/d/1_LkWfuAsZUOYvANxiVYdXIa7bULO7Yzh/view?usp=drive_link,Locked,
C5-Heredity,C-coursework,Chapter 5,"July 21, 2026 4:17 PM",,"July 22, 2026 1:23 AM",https://drive.google.com/drive/folders/1rwY2i1MxmyEzL8X1PWNpyn4EfB-O0L-G,Locked,https://classroom.google.com/c/ODcwOTI3MzY2MjIy/a/ODcwOTI3NTQ4ODM0/details
M7S-FRQ Mock 7 Solutions,S-solution manual,Chapter M,"July 21, 2026 4:17 PM",,"July 21, 2026 4:17 PM",https://drive.google.com/file/d/1vj-VgWY-wT00RkdY4wUbHPh7XJ_MtyNk/view?usp=drive_link,Locked,
S5-Heredity,S-solution manual,Chapter 5,"July 21, 2026 4:17 PM",,"July 22, 2026 1:23 AM",https://drive.google.com/drive/folders/1k7AZueQ1tue7TJWyfFBcHo2JE37B9WCF,Locked,
M8-FRQ Mock 8,M-Mock,Chapter M,"July 21, 2026 4:17 PM",,"July 21, 2026 4:17 PM",https://drive.google.com/file/d/1KqvLYIis_8feMVS1zDixS6PPZjBxtXHd/view?usp=drive_link,Locked,
F5-Heredity,F-Final Self Check,Chapter 5,"July 21, 2026 4:17 PM",https://drive.google.com/file/d/1JJAF2UrevbY6J_1v_7BoRN_JSvfS9BGX/view?usp=drivesdk,"July 22, 2026 1:19 AM",https://drive.google.com/file/d/1JJAF2UrevbY6J_1v_7BoRN_JSvfS9BGX/view?usp=drivesdk,Optional-Reading,
M8S-FRQ Mock 8 Solutions,S-solution manual,Chapter M,"July 21, 2026 4:17 PM",,"July 21, 2026 4:17 PM",https://drive.google.com/file/d/1eG9Ksj6Af8t6PGX7R_T3knVLgsCg8e38/view?usp=drive_link,Locked,
L6-Gene Expression and Regulation,L-Learning,Chapter 6,"July 21, 2026 4:17 PM",,"July 22, 2026 1:06 AM",https://www.khanacademy.org/science/ap-biology/gene-expression-and-regulation,Locked,
M9-FRQ Mock 9,M-Mock,Chapter M,"July 21, 2026 4:17 PM",,"July 21, 2026 4:17 PM",https://drive.google.com/file/d/1E1rDrUFeh2311Gzg3ln3eR5Bsu1yJZeQ/view?usp=drive_link,Locked,
N6-Gene Expression and Regulation,N-Notes Submission,Chapter 6,"July 21, 2026 4:17 PM",,"July 22, 2026 1:14 AM",https://classroom.google.com/c/ODcwOTI3MzY2MjIy/a/ODcwOTI3MzA1MTMy/details,Locked,
M9S-FRQ Mock 9 Solutions,S-solution manual,Chapter M,"July 21, 2026 4:17 PM",,"July 21, 2026 4:17 PM",https://drive.google.com/file/d/1hh-sZH8uxDsR0V8O3nhjJ_BkFvfuQ3Ap/view?usp=drive_link,Locked,
C6-Gene Expression and Regulation,C-coursework,Chapter 6,"July 21, 2026 4:17 PM",,"July 22, 2026 1:22 AM",https://drive.google.com/drive/folders/1zV7-bsGaymB-zamDyF6H5uGIg_ynr7qg,Locked,https://classroom.google.com/c/ODcwOTI3MzY2MjIy/a/ODcwOTIzNjQzNzEw/details
M10-FRQ Mock 10,M-Mock,Chapter M,"July 21, 2026 4:17 PM",,"July 21, 2026 4:17 PM",https://drive.google.com/file/d/1AZPOd1iaPTA8JJJmlooee7Ym1D9Jq79H/view?usp=drive_link,Locked,
S6-Gene Expression and Regulation,S-solution manual,Chapter 6,"July 21, 2026 4:17 PM",,"July 22, 2026 1:23 AM",https://drive.google.com/drive/folders/1J9XplbB--nPg7WEVZQ8fk1qhNkPfnb7K,Locked,
M10S-FRQ Mock 10 Solutions,S-solution manual,Chapter M,"July 21, 2026 4:17 PM",,"July 21, 2026 4:17 PM",https://drive.google.com/file/d/1V36m1RowaKnVLvcEb7dxJEFWGpsp3DFJ/view?usp=drive_link,Locked,
F6-Gene Expression and Regulation,F-Final Self Check,Chapter 6,"July 21, 2026 4:17 PM",https://drive.google.com/file/d/1JJAF2UrevbY6J_1v_7BoRN_JSvfS9BGX/view?usp=drivesdk,"July 22, 2026 1:19 AM",https://drive.google.com/file/d/1JJAF2UrevbY6J_1v_7BoRN_JSvfS9BGX/view?usp=drivesdk,Optional-Reading,
L7-Natural Selection,L-Learning,Chapter 7,"July 21, 2026 4:17 PM",,"July 22, 2026 1:08 AM",https://www.khanacademy.org/science/ap-biology/natural-selection,Locked,
C7-Natural Selection,C-coursework,Chapter 7,"July 21, 2026 4:17 PM",,"July 22, 2026 1:21 AM",https://drive.google.com/drive/folders/15VzEcDaaXW4guy8sQWew9CQkR8-cPDBC,Locked,https://classroom.google.com/c/ODcwOTI3MzY2MjIy/a/ODU1NjE3Nzk4Mjkz/details
N7-Natural Selection,N-Notes Submission,Chapter 7,"July 21, 2026 4:17 PM",,"July 22, 2026 1:14 AM",https://classroom.google.com/c/ODcwOTI3MzY2MjIy/a/ODcwOTI2MjczNjIz/details,Locked,
S7-Natural Selection,S-solution manual,Chapter 7,"July 21, 2026 4:17 PM",,"July 22, 2026 1:22 AM",https://drive.google.com/drive/folders/1cEhFI3JqptuO4xOzUS8KUlH_ykOIX49w,Locked,
F7-Natural Selection,F-Final Self Check,Chapter 7,"July 21, 2026 4:17 PM",https://drive.google.com/file/d/1JJAF2UrevbY6J_1v_7BoRN_JSvfS9BGX/view?usp=drivesdk,"July 22, 2026 1:19 AM",https://drive.google.com/file/d/1JJAF2UrevbY6J_1v_7BoRN_JSvfS9BGX/view?usp=drivesdk,Optional-Reading,
AP Biology Exam Booklet,I-information,Chapter 0,"July 21, 2026 4:20 PM",https://drive.google.com/file/d/1yZ2t1fBCyEpBz_n_vuPRjBiAdhdVdfdx/view?usp=drivesdk,"July 21, 2026 4:53 PM",https://drive.google.com/file/d/1yZ2t1fBCyEpBz_n_vuPRjBiAdhdVdfdx/view?usp=drivesdk,Complete,
Advanced Biology Booklet,I-information,Chapter 0,"July 21, 2026 4:45 PM",https://drive.google.com/file/d/1JJAF2UrevbY6J_1v_7BoRN_JSvfS9BGX/view?usp=drivesdk,"July 21, 2026 4:52 PM",https://drive.google.com/file/d/1JJAF2UrevbY6J_1v_7BoRN_JSvfS9BGX/view?usp=drivesdk,Complete,
F1-Chemistry of Life Final Self-Check with Booklet,F-Final Self Check,Chapter 1,"July 21, 2026 7:38 PM",https://drive.google.com/file/d/1JJAF2UrevbY6J_1v_7BoRN_JSvfS9BGX/view?usp=drivesdk,"July 21, 2026 9:03 PM",https://drive.google.com/file/d/1JJAF2UrevbY6J_1v_7BoRN_JSvfS9BGX/view?usp=drivesdk,Optional-Reading,
S1-Chemistry of Life Solutions,S-solution manual,Chapter 1,"July 21, 2026 7:38 PM",,"July 21, 2026 9:54 PM",https://drive.google.com/file/d/1jEDTskERb3TYvmKP-dRhamW-2XqfC5Lf/view?usp=drivesdk,Locked,
AP Biology Barrons Book,L-Learning,Chapter 0,"July 21, 2026 9:06 PM",https://drive.google.com/file/d/1s6aNFpszdgzt152Hk8wsKPCsgiSg0E7v/view?usp=drivesdk,"July 21, 2026 9:07 PM",https://drive.google.com/file/d/1s6aNFpszdgzt152Hk8wsKPCsgiSg0E7v/view?usp=drivesdk,Optional-Reading,
N8-Ecology,N-Notes Submission,Chapter 8,"July 21, 2026 9:44 PM",,"July 22, 2026 1:15 AM",https://classroom.google.com/c/ODcwOTI3MzY2MjIy/a/ODcwOTM3NDAyMDI3/details,Locked,
C8-Ecology,C-coursework,Chapter 8,"July 21, 2026 9:44 PM",,"July 22, 2026 1:20 AM",https://drive.google.com/drive/folders/1lrEGMiZfSguDu_sOez2XQ6y4FaVDGQil,Locked,https://classroom.google.com/c/ODcwOTI3MzY2MjIy/a/ODcwOTI3NzE2MDEz/details
S8-Ecology,S-solution manual,Chapter 8,"July 21, 2026 9:44 PM",,"July 22, 2026 1:20 AM",https://drive.google.com/drive/folders/16xL23mheSbTE-aZ8pkXcftclIPoPeui8,Locked,
F8-Ecology,F-Final Self Check,Chapter 8,"July 21, 2026 9:44 PM",https://drive.google.com/file/d/1JJAF2UrevbY6J_1v_7BoRN_JSvfS9BGX/view?usp=drivesdk,"July 22, 2026 1:19 AM",https://drive.google.com/file/d/1JJAF2UrevbY6J_1v_7BoRN_JSvfS9BGX/view?usp=drivesdk,Optional-Reading,
Frequently Used Formulas and Equations,I-information,Chapter 0,"July 22, 2026 1:30 AM",https://drive.google.com/file/d/1ZpngkSZ29WkJTinA2KSU9lPderA5l4lT/view?usp=drivesdk,"July 22, 2026 1:31 AM",https://drive.google.com/file/d/1ZpngkSZ29WkJTinA2KSU9lPderA5l4lT/view?usp=drivesdk,Complete,
Sample Notes,I-information,Chapter 0,"July 22, 2026 1:39 AM",https://drive.google.com/file/d/1ZpngkSZ29WkJTinA2KSU9lPderA5l4lT/view?usp=drivesdk,"July 22, 2026 1:39 AM",https://drive.google.com/file/d/1ZpngkSZ29WkJTinA2KSU9lPderA5l4lT/view?usp=drivesdk,Complete,